{
    "analyticsSelectorOptions": {
        "contentHeight": 0,
        "contentMaximized": true
    },
    "battleListWidgetOptions": {
        "battleListSortOrder": [
            "byAgeAscending",
            "byAgeAscending"
        ],
        "contentHeight": 38,
        "contentMaximized": true,
        "showFilters": false,
        "showMonsters": true,
        "showNPCs": true,
        "showNonSkulledPlayers": true,
        "showPartyMembers": true,
        "showPlayerSummons": true,
        "showPlayers": true
    },
    "containersOptions": {
    },
    "huntingSessionAnalyserWidgetOptions": {
        "contentHeight": 0,
        "contentMaximized": true
    },
    "impactAnalyserWidgetOptions": {
        "contentHeight": 0,
        "contentMaximized": true
    },
    "lootAnalyserWidgetOptions": {
        "contentHeight": 0,
        "contentMaximized": true
    },
    "lootTrackerWidgetOptions": {
        "contentHeight": 0,
        "contentMaximized": true
    },
    "npcTradeOptions": {
        "allowSellingEquippedItems": false,
        "contentHeight": 0,
        "contentMaximized": true,
        "ignoreCapacityWhenBuying": false,
        "purchaseShoppingBagWhenBuying": false,
        "sortFieldWhenBuying": "name",
        "sortFieldWhenSelling": "amount"
    },
    "preyWidgetOptions": {
        "contentHeight": 0,
        "contentMaximized": true
    },
    "questTrackerWidgetOptions": {
        "contentHeight": 0,
        "contentMaximized": true
    },
    "sidebarPanelsMangerOptions": {
        "panelsOrder": [
        ]
    },
    "sidebarPanelsOptions": {
        "chaseModeEnabled": true,
        "combatMode": 2,
        "controlButtonsVisible": true,
        "minimapZoomLevel": 0,
        "minimizeInventory": false
    },
    "sidebarWidgetsMangerOptions": {
        "leftSidebarCount": 0,
        "openWidgetsOrderPerSidebar": [
            [
                {
                    "type": "battleList"
                }
            ]
        ]
    },
    "skillsWidgetOptions": {
        "contentHeight": 0,
        "contentMaximized": true,
        "invisibleProgressBars": [
        ]
    },
    "spellListWidgetOptions": {
        "contentHeight": 0,
        "contentMaximized": true,
        "showAttackSpellGroup": true,
        "showConjureSpellGroup": true,
        "showDruidSpells": true,
        "showFreeSpells": true,
        "showHealingSpellGroup": true,
        "showKnightSpells": true,
        "showOnlyCurrentLevel": false,
        "showOnlyCurrentProfession": false,
        "showPaladinSpells": true,
        "showPowerstrikesSpellGroup": true,
        "showPremiumOnlySpells": true,
        "showSorcererSpells": true,
        "showSupportSpellGroup": true,
        "showUnkownSpells": false
    },
    "supplyAnalyserWidgetOptions": {
        "contentHeight": 0,
        "contentMaximized": true
    },
    "unjustifiedPointsOptions": {
        "contentHeight": 0,
        "contentMaximized": true
    },
    "vipWidgetOptions": {
        "contentHeight": 0,
        "contentMaximized": true,
        "hideOfflineVips": false,
        "showGrouped": false,
        "vipSortOrder": [
        ]
    },
    "xpAnalyserWidgetOptions": {
        "contentHeight": 0,
        "contentMaximized": true
    }
}
